{
    "building": "Waterloo",
    "air_rights_value": {
        "air_rights_usd": 101407703.38241728,
        "air_rights_xrp": 142753760.56131086
    }
}