{
    "building": "Torre",
    "air_rights_value": {
        "air_rights_usd": 68406855.95567867,
        "air_rights_xrp": 99234859.79502028
    }
}